timestamp,date,fees_usd,revenue_usd,total_usd
1640304000,2021-12-24,20.0,0.0,20.0
1640390400,2021-12-25,69.0,0.0,69.0
1640563200,2021-12-27,205.0,0.0,205.0
1640649600,2021-12-28,460.0,0.0,460.0
1640736000,2021-12-29,555.0,0.0,555.0
1640822400,2021-12-30,999.0,0.0,999.0
1640908800,2021-12-31,549.0,0.0,549.0
1640995200,2022-01-01,462.0,0.0,462.0
1641081600,2022-01-02,355.0,0.0,355.0
1641168000,2022-01-03,380.0,0.0,380.0
1641254400,2022-01-04,603.0,0.0,603.0
1641340800,2022-01-05,612.0,0.0,612.0
1641427200,2022-01-06,446.0,0.0,446.0
1641513600,2022-01-07,312.0,0.0,312.0
1641600000,2022-01-08,519.0,0.0,519.0
1641686400,2022-01-09,264.0,0.0,264.0
1641772800,2022-01-10,389.0,0.0,389.0
1641859200,2022-01-11,392.0,0.0,392.0
1641945600,2022-01-12,783.0,0.0,783.0
1642032000,2022-01-13,386.0,0.0,386.0
1642118400,2022-01-14,566.0,0.0,566.0
1642204800,2022-01-15,360.0,0.0,360.0
1642291200,2022-01-16,325.0,0.0,325.0
1642377600,2022-01-17,877.0,0.0,877.0
1642464000,2022-01-18,669.0,0.0,669.0
1642550400,2022-01-19,462.0,0.0,462.0
1642636800,2022-01-20,956.0,0.0,956.0
1642723200,2022-01-21,1148.0,0.0,1148.0
1642809600,2022-01-22,655.0,0.0,655.0
1642896000,2022-01-23,369.0,0.0,369.0
1642982400,2022-01-24,700.0,0.0,700.0
1643068800,2022-01-25,297.0,0.0,297.0
1643155200,2022-01-26,513.0,0.0,513.0
1643241600,2022-01-27,445.0,0.0,445.0
1643328000,2022-01-28,447.0,0.0,447.0
1643414400,2022-01-29,280.0,0.0,280.0
1643500800,2022-01-30,195.0,0.0,195.0
1643587200,2022-01-31,205.0,0.0,205.0
1643673600,2022-02-01,294.0,0.0,294.0
1643760000,2022-02-02,390.0,0.0,390.0
1643846400,2022-02-03,379.0,0.0,379.0
1643932800,2022-02-04,609.0,0.0,609.0
1644019200,2022-02-05,260.0,0.0,260.0
1644105600,2022-02-06,457.0,0.0,457.0
1644192000,2022-02-07,452.0,0.0,452.0
1644278400,2022-02-08,419.0,0.0,419.0
1644364800,2022-02-09,495.0,0.0,495.0
1644451200,2022-02-10,656.0,0.0,656.0
1644537600,2022-02-11,380.0,0.0,380.0
1644624000,2022-02-12,528.0,0.0,528.0
1644710400,2022-02-13,505.0,0.0,505.0
1644796800,2022-02-14,427.0,0.0,427.0
1644883200,2022-02-15,545.0,0.0,545.0
1644969600,2022-02-16,584.0,0.0,584.0
1645056000,2022-02-17,470.0,0.0,470.0
1645142400,2022-02-18,407.0,0.0,407.0
1645228800,2022-02-19,542.0,0.0,542.0
1645315200,2022-02-20,981.0,0.0,981.0
1645401600,2022-02-21,859.0,0.0,859.0
1645488000,2022-02-22,455.0,0.0,455.0
1645574400,2022-02-23,780.0,0.0,780.0
1645660800,2022-02-24,1010.0,0.0,1010.0
1645747200,2022-02-25,645.0,0.0,645.0
1645833600,2022-02-26,1194.0,0.0,1194.0
1645920000,2022-02-27,502.0,0.0,502.0
1646006400,2022-02-28,384.0,0.0,384.0
1646092800,2022-03-01,278.0,0.0,278.0
1646179200,2022-03-02,498.0,0.0,498.0
1646265600,2022-03-03,523.0,0.0,523.0
1646352000,2022-03-04,395.0,0.0,395.0
1646438400,2022-03-05,217.0,0.0,217.0
1646524800,2022-03-06,308.0,0.0,308.0
1646611200,2022-03-07,280.0,0.0,280.0
1646697600,2022-03-08,196.0,0.0,196.0
1646784000,2022-03-09,384.0,0.0,384.0
1646870400,2022-03-10,414.0,0.0,414.0
1646956800,2022-03-11,244.0,0.0,244.0
1647043200,2022-03-12,455.0,0.0,455.0
1647129600,2022-03-13,424.0,0.0,424.0
1647216000,2022-03-14,146.0,0.0,146.0
1647302400,2022-03-15,374.0,0.0,374.0
1647388800,2022-03-16,191.0,0.0,191.0
1647475200,2022-03-17,111.0,0.0,111.0
1647561600,2022-03-18,107.0,0.0,107.0
1647648000,2022-03-19,566.0,0.0,566.0
1647734400,2022-03-20,368.0,0.0,368.0
1647820800,2022-03-21,184.0,0.0,184.0
1647907200,2022-03-22,155.0,0.0,155.0
1647993600,2022-03-23,136.0,0.0,136.0
1648080000,2022-03-24,160.0,0.0,160.0
1648166400,2022-03-25,143.0,0.0,143.0
1648252800,2022-03-26,249.0,0.0,249.0
1648339200,2022-03-27,217.0,0.0,217.0
1648425600,2022-03-28,266.0,0.0,266.0
1648512000,2022-03-29,276.0,0.0,276.0
1648598400,2022-03-30,192.0,0.0,192.0
1648684800,2022-03-31,197.0,0.0,197.0
1648771200,2022-04-01,205.0,0.0,205.0
1648857600,2022-04-02,1344.0,0.0,1344.0
1648944000,2022-04-03,562.0,0.0,562.0
1649030400,2022-04-04,512.0,0.0,512.0
1649116800,2022-04-05,629.0,0.0,629.0
1649203200,2022-04-06,206.0,0.0,206.0
1649289600,2022-04-07,309.0,0.0,309.0
1649376000,2022-04-08,181.0,0.0,181.0
1649462400,2022-04-09,154.0,0.0,154.0
1649548800,2022-04-10,189.0,0.0,189.0
1649635200,2022-04-11,215.0,0.0,215.0
1649721600,2022-04-12,89.0,0.0,89.0
1649808000,2022-04-13,167.0,0.0,167.0
1649894400,2022-04-14,97.0,0.0,97.0
1649980800,2022-04-15,95.0,0.0,95.0
1650067200,2022-04-16,226.0,0.0,226.0
1650153600,2022-04-17,93.0,0.0,93.0
1650240000,2022-04-18,182.0,0.0,182.0
1650326400,2022-04-19,131.0,0.0,131.0
1650412800,2022-04-20,219.0,0.0,219.0
1650499200,2022-04-21,141.0,0.0,141.0
1650585600,2022-04-22,131.0,0.0,131.0
1650672000,2022-04-23,50.0,0.0,50.0
1650758400,2022-04-24,127.0,0.0,127.0
1650844800,2022-04-25,147.0,0.0,147.0
1650931200,2022-04-26,136.0,0.0,136.0
1651017600,2022-04-27,248.0,0.0,248.0
1651104000,2022-04-28,126.0,0.0,126.0
1651190400,2022-04-29,255.0,0.0,255.0
1651276800,2022-04-30,365.0,0.0,365.0
1651363200,2022-05-01,218.0,0.0,218.0
1651449600,2022-05-02,114.0,0.0,114.0
1651536000,2022-05-03,174.0,0.0,174.0
1651622400,2022-05-04,198.0,0.0,198.0
1651708800,2022-05-05,246.0,0.0,246.0
1651795200,2022-05-06,115.0,0.0,115.0
1651881600,2022-05-07,253.0,0.0,253.0
1651968000,2022-05-08,117.0,0.0,117.0
1652054400,2022-05-09,663.0,0.0,663.0
1652140800,2022-05-10,547.0,0.0,547.0
1652227200,2022-05-11,1210.0,0.0,1210.0
1652313600,2022-05-12,2208.0,0.0,2208.0
1652400000,2022-05-13,330.0,0.0,330.0
1652486400,2022-05-14,326.0,0.0,326.0
1652572800,2022-05-15,167.0,0.0,167.0
1652659200,2022-05-16,1717.0,0.0,1717.0
1652745600,2022-05-17,17932.0,0.0,17932.0
1652832000,2022-05-18,7085.0,0.0,7085.0
1652918400,2022-05-19,10304.0,0.0,10304.0
1653004800,2022-05-20,21327.0,0.0,21327.0
1653091200,2022-05-21,5377.0,0.0,5377.0
1653177600,2022-05-22,6223.0,0.0,6223.0
1653264000,2022-05-23,5726.0,0.0,5726.0
1653350400,2022-05-24,3787.0,0.0,3787.0
1653436800,2022-05-25,7703.0,0.0,7703.0
1653523200,2022-05-26,2571.0,0.0,2571.0
1653609600,2022-05-27,3853.0,0.0,3853.0
1653696000,2022-05-28,6391.0,0.0,6391.0
1653782400,2022-05-29,36245.0,0.0,36245.0
1653868800,2022-05-30,6269.0,0.0,6269.0
1653955200,2022-05-31,3494.0,0.0,3494.0
1654041600,2022-06-01,5738.0,0.0,5738.0
1654128000,2022-06-02,4034.0,0.0,4034.0
1654214400,2022-06-03,732.0,0.0,732.0
1654300800,2022-06-04,13379.0,0.0,13379.0
1654387200,2022-06-05,2130.0,0.0,2130.0
1654473600,2022-06-06,2456.0,0.0,2456.0
1654560000,2022-06-07,3683.0,0.0,3683.0
1654646400,2022-06-08,7704.0,0.0,7704.0
1654732800,2022-06-09,7912.0,0.0,7912.0
1654819200,2022-06-10,7512.0,0.0,7512.0
1654905600,2022-06-11,5791.0,0.0,5791.0
1654992000,2022-06-12,5353.0,0.0,5353.0
1655078400,2022-06-13,14002.0,0.0,14002.0
1655164800,2022-06-14,7527.0,0.0,7527.0
1655251200,2022-06-15,12615.0,0.0,12615.0
1655337600,2022-06-16,8091.0,0.0,8091.0
1655424000,2022-06-17,4408.0,0.0,4408.0
1655510400,2022-06-18,16104.0,0.0,16104.0
1655596800,2022-06-19,4736.0,0.0,4736.0
1655683200,2022-06-20,13562.0,0.0,13562.0
1655769600,2022-06-21,7899.0,0.0,7899.0
1655856000,2022-06-22,3747.0,0.0,3747.0
1655942400,2022-06-23,4369.0,0.0,4369.0
1656028800,2022-06-24,6266.0,0.0,6266.0
1656115200,2022-06-25,3704.0,0.0,3704.0
1656201600,2022-06-26,5404.0,0.0,5404.0
1656288000,2022-06-27,7566.0,0.0,7566.0
1656374400,2022-06-28,6339.0,0.0,6339.0
1656460800,2022-06-29,8457.0,0.0,8457.0
1656547200,2022-06-30,141958.0,0.0,141958.0
1656633600,2022-07-01,13142.0,0.0,13142.0
1656720000,2022-07-02,3717.0,0.0,3717.0
1656806400,2022-07-03,2308.0,0.0,2308.0
1656892800,2022-07-04,5477.0,0.0,5477.0
1656979200,2022-07-05,7102.0,0.0,7102.0
1657065600,2022-07-06,8070.0,0.0,8070.0
1657152000,2022-07-07,6368.0,0.0,6368.0
1657238400,2022-07-08,5683.0,0.0,5683.0
1657324800,2022-07-09,1916.0,0.0,1916.0
1657411200,2022-07-10,3652.0,0.0,3652.0
1657497600,2022-07-11,3951.0,0.0,3951.0
1657584000,2022-07-12,4755.0,0.0,4755.0
1657670400,2022-07-13,11634.0,0.0,11634.0
1657756800,2022-07-14,5256.0,0.0,5256.0
1657843200,2022-07-15,4450.0,0.0,4450.0
1657929600,2022-07-16,6808.0,0.0,6808.0
1658016000,2022-07-17,3893.0,0.0,3893.0
1658102400,2022-07-18,12428.0,0.0,12428.0
1658188800,2022-07-19,42796.0,0.0,42796.0
1658275200,2022-07-20,23887.0,0.0,23887.0
1658361600,2022-07-21,6605.0,0.0,6605.0
1658448000,2022-07-22,9397.0,0.0,9397.0
1658534400,2022-07-23,4859.0,0.0,4859.0
1658620800,2022-07-24,4395.0,0.0,4395.0
1658707200,2022-07-25,7127.0,0.0,7127.0
1658793600,2022-07-26,7154.0,0.0,7154.0
1658880000,2022-07-27,6148.0,0.0,6148.0
1658966400,2022-07-28,41060.0,0.0,41060.0
1659052800,2022-07-29,9604.0,0.0,9604.0
1659139200,2022-07-30,11726.0,0.0,11726.0
1659225600,2022-07-31,15941.0,0.0,15941.0
1659312000,2022-08-01,14110.0,0.0,14110.0
1659398400,2022-08-02,50633.0,0.0,50633.0
1659484800,2022-08-03,14109.0,0.0,14109.0
1659571200,2022-08-04,6255.0,0.0,6255.0
1659657600,2022-08-05,8835.0,0.0,8835.0
1659744000,2022-08-06,6612.0,0.0,6612.0
1659830400,2022-08-07,4955.0,0.0,4955.0
1659916800,2022-08-08,8283.0,0.0,8283.0
1660003200,2022-08-09,9630.0,0.0,9630.0
1660089600,2022-08-10,13616.0,0.0,13616.0
1660176000,2022-08-11,11946.0,0.0,11946.0
1660262400,2022-08-12,7772.0,0.0,7772.0
1660348800,2022-08-13,10515.0,0.0,10515.0
1660435200,2022-08-14,7699.0,0.0,7699.0
1660521600,2022-08-15,6414.0,0.0,6414.0
1660608000,2022-08-16,5843.0,0.0,5843.0
1660694400,2022-08-17,6390.0,0.0,6390.0
1660780800,2022-08-18,12493.0,0.0,12493.0
1660867200,2022-08-19,22536.0,0.0,22536.0
1660953600,2022-08-20,10493.0,0.0,10493.0
1661040000,2022-08-21,7907.0,0.0,7907.0
1661126400,2022-08-22,10101.0,0.0,10101.0
1661212800,2022-08-23,6126.0,0.0,6126.0
1661299200,2022-08-24,7396.0,0.0,7396.0
1661385600,2022-08-25,9786.0,0.0,9786.0
1661472000,2022-08-26,6163.0,0.0,6163.0
1661558400,2022-08-27,6587.0,0.0,6587.0
1661644800,2022-08-28,4326.0,0.0,4326.0
1661731200,2022-08-29,48086.0,0.0,48086.0
1661817600,2022-08-30,9194.0,0.0,9194.0
1661904000,2022-08-31,5825.0,0.0,5825.0
1661990400,2022-09-01,4294.0,0.0,4294.0
1662076800,2022-09-02,8213.0,0.0,8213.0
1662163200,2022-09-03,2761.0,0.0,2761.0
1662249600,2022-09-04,4602.0,0.0,4602.0
1662336000,2022-09-05,13918.0,0.0,13918.0
1662422400,2022-09-06,17760.0,0.0,17760.0
1662508800,2022-09-07,8480.0,0.0,8480.0
1662595200,2022-09-08,9655.0,0.0,9655.0
1662681600,2022-09-09,18458.0,0.0,18458.0
1662768000,2022-09-10,3980.0,0.0,3980.0
1662854400,2022-09-11,13220.0,0.0,13220.0
1662940800,2022-09-12,7766.0,0.0,7766.0
1663027200,2022-09-13,12400.0,0.0,12400.0
1663113600,2022-09-14,8491.0,0.0,8491.0
1663200000,2022-09-15,6913.0,0.0,6913.0
1663286400,2022-09-16,6557.0,0.0,6557.0
1663372800,2022-09-17,4511.0,0.0,4511.0
1663459200,2022-09-18,5963.0,0.0,5963.0
1663545600,2022-09-19,13108.0,0.0,13108.0
1663632000,2022-09-20,10842.0,0.0,10842.0
1663718400,2022-09-21,14786.0,0.0,14786.0
1663804800,2022-09-22,4597.0,0.0,4597.0
1663891200,2022-09-23,4532.0,0.0,4532.0
1663977600,2022-09-24,2000.0,0.0,2000.0
1664064000,2022-09-25,2544.0,0.0,2544.0
1664150400,2022-09-26,3029.0,0.0,3029.0
1664236800,2022-09-27,4554.0,0.0,4554.0
1664323200,2022-09-28,5680.0,0.0,5680.0
1664409600,2022-09-29,2906.0,0.0,2906.0
1664496000,2022-09-30,5530.0,0.0,5530.0
1664582400,2022-10-01,5829.0,0.0,5829.0
1664668800,2022-10-02,3817.0,0.0,3817.0
1664755200,2022-10-03,5762.0,0.0,5762.0
1664841600,2022-10-04,4923.0,0.0,4923.0
1664928000,2022-10-05,5830.0,0.0,5830.0
1665014400,2022-10-06,5128.0,0.0,5128.0
1665100800,2022-10-07,2465.0,0.0,2465.0
1665187200,2022-10-08,2865.0,0.0,2865.0
1665273600,2022-10-09,2162.0,0.0,2162.0
1665360000,2022-10-10,2148.0,0.0,2148.0
1665446400,2022-10-11,3326.0,0.0,3326.0
1665532800,2022-10-12,4445.0,0.0,4445.0
1665619200,2022-10-13,6241.0,0.0,6241.0
1665705600,2022-10-14,5459.0,0.0,5459.0
1665792000,2022-10-15,10681.0,0.0,10681.0
1665878400,2022-10-16,8791.0,0.0,8791.0
1665964800,2022-10-17,5814.0,0.0,5814.0
1666051200,2022-10-18,19134.0,0.0,19134.0
1666137600,2022-10-19,9839.0,0.0,9839.0
1666224000,2022-10-20,7839.0,0.0,7839.0
1666310400,2022-10-21,5308.0,0.0,5308.0
1666396800,2022-10-22,2483.0,0.0,2483.0
1666483200,2022-10-23,11379.0,0.0,11379.0
1666569600,2022-10-24,4256.0,0.0,4256.0
1666656000,2022-10-25,8190.0,0.0,8190.0
1666742400,2022-10-26,5618.0,0.0,5618.0
1666828800,2022-10-27,6482.0,0.0,6482.0
1666915200,2022-10-28,4851.0,0.0,4851.0
1667001600,2022-10-29,8234.0,0.0,8234.0
1667088000,2022-10-30,4544.0,0.0,4544.0
1667174400,2022-10-31,4865.0,0.0,4865.0
1667260800,2022-11-01,2475.0,0.0,2475.0
1667347200,2022-11-02,3987.0,0.0,3987.0
1667433600,2022-11-03,6821.0,0.0,6821.0
1667520000,2022-11-04,8051.0,0.0,8051.0
1667606400,2022-11-05,9235.0,0.0,9235.0
1667692800,2022-11-06,10398.0,0.0,10398.0
1667779200,2022-11-07,4339.0,0.0,4339.0
1667865600,2022-11-08,25272.0,0.0,25272.0
1667952000,2022-11-09,16699.0,0.0,16699.0
1668038400,2022-11-10,18111.0,0.0,18111.0
1668124800,2022-11-11,11014.0,0.0,11014.0
1668211200,2022-11-12,12070.0,0.0,12070.0
1668297600,2022-11-13,5686.0,0.0,5686.0
1668384000,2022-11-14,4833.0,0.0,4833.0
1668470400,2022-11-15,3558.0,0.0,3558.0
1668556800,2022-11-16,5985.0,0.0,5985.0
1668643200,2022-11-17,11630.0,0.0,11630.0
1668729600,2022-11-18,1940.0,0.0,1940.0
1668816000,2022-11-19,5182.0,0.0,5182.0
1668902400,2022-11-20,13195.0,0.0,13195.0
1668988800,2022-11-21,7302.0,0.0,7302.0
1669075200,2022-11-22,4202.0,0.0,4202.0
1669248000,2022-11-24,18605.0,0.0,18605.0
1669334400,2022-11-25,2213.0,0.0,2213.0
1669420800,2022-11-26,7387.0,0.0,7387.0
1669507200,2022-11-27,4938.0,0.0,4938.0
1669593600,2022-11-28,4636.0,0.0,4636.0
1669680000,2022-11-29,3706.0,0.0,3706.0
1669766400,2022-11-30,4424.0,0.0,4424.0
1669852800,2022-12-01,22211.0,0.0,22211.0
1669939200,2022-12-02,12382.0,0.0,12382.0
1670025600,2022-12-03,3785.0,0.0,3785.0
1670112000,2022-12-04,1531.0,0.0,1531.0
1670198400,2022-12-05,6229.0,0.0,6229.0
1670284800,2022-12-06,3612.0,0.0,3612.0
1670371200,2022-12-07,11842.0,0.0,11842.0
1670457600,2022-12-08,41264.0,0.0,41264.0
1670544000,2022-12-09,3428.0,0.0,3428.0
1670630400,2022-12-10,3650.0,0.0,3650.0
1670716800,2022-12-11,5242.0,0.0,5242.0
1670803200,2022-12-12,5814.0,0.0,5814.0
1670889600,2022-12-13,8598.0,0.0,8598.0
1670976000,2022-12-14,3619.0,0.0,3619.0
1671062400,2022-12-15,54455.0,0.0,54455.0
1671148800,2022-12-16,4760.0,0.0,4760.0
1671235200,2022-12-17,2064.0,0.0,2064.0
1671321600,2022-12-18,3372.0,0.0,3372.0
1671408000,2022-12-19,4424.0,0.0,4424.0
1671494400,2022-12-20,4163.0,0.0,4163.0
1671580800,2022-12-21,3397.0,0.0,3397.0
1671667200,2022-12-22,52900.0,0.0,52900.0
1671753600,2022-12-23,2623.0,0.0,2623.0
1671840000,2022-12-24,718.0,0.0,718.0
1671926400,2022-12-25,819.0,0.0,819.0
1672012800,2022-12-26,5679.0,0.0,5679.0
1672099200,2022-12-27,3770.0,0.0,3770.0
1672185600,2022-12-28,6401.0,0.0,6401.0
1672272000,2022-12-29,47425.0,0.0,47425.0
1672358400,2022-12-30,5751.0,0.0,5751.0
1672444800,2022-12-31,3900.0,0.0,3900.0
1672531200,2023-01-01,4745.0,0.0,4745.0
1672617600,2023-01-02,22880.0,0.0,22880.0
1672704000,2023-01-03,5432.0,0.0,5432.0
1672790400,2023-01-04,5370.0,0.0,5370.0
1672876800,2023-01-05,51288.0,0.0,51288.0
1672963200,2023-01-06,4117.0,0.0,4117.0
1673049600,2023-01-07,1696.0,0.0,1696.0
1673136000,2023-01-08,7409.0,0.0,7409.0
1673222400,2023-01-09,9965.0,0.0,9965.0
1673308800,2023-01-10,3648.0,0.0,3648.0
1673395200,2023-01-11,4885.0,0.0,4885.0
1673481600,2023-01-12,70909.0,0.0,70909.0
1673568000,2023-01-13,11264.0,0.0,11264.0
1673654400,2023-01-14,19106.0,0.0,19106.0
1673740800,2023-01-15,48371.0,0.0,48371.0
1673827200,2023-01-16,54687.0,0.0,54687.0
1673913600,2023-01-17,29199.0,0.0,29199.0
1674000000,2023-01-18,36694.0,0.0,36694.0
1674086400,2023-01-19,122123.0,0.0,122123.0
1674172800,2023-01-20,42445.0,0.0,42445.0
1674259200,2023-01-21,27113.0,0.0,27113.0
1674345600,2023-01-22,35645.0,0.0,35645.0
1674432000,2023-01-23,25014.0,0.0,25014.0
1674518400,2023-01-24,21673.0,0.0,21673.0
1674604800,2023-01-25,24360.0,0.0,24360.0
1674691200,2023-01-26,118198.0,0.0,118198.0
1674777600,2023-01-27,16055.0,0.0,16055.0
1674864000,2023-01-28,26017.0,0.0,26017.0
1674950400,2023-01-29,11880.0,0.0,11880.0
1675036800,2023-01-30,14214.0,0.0,14214.0
1675123200,2023-01-31,8074.0,0.0,8074.0
1675209600,2023-02-01,23395.0,0.0,23395.0
1675296000,2023-02-02,142048.0,0.0,142048.0
1675382400,2023-02-03,37870.0,0.0,37870.0
1675468800,2023-02-04,9825.0,0.0,9825.0
1675555200,2023-02-05,14727.0,0.0,14727.0
1675641600,2023-02-06,46823.0,0.0,46823.0
1675728000,2023-02-07,51246.0,0.0,51246.0
1675814400,2023-02-08,29284.0,0.0,29284.0
1675900800,2023-02-09,220934.0,0.0,220934.0
1675987200,2023-02-10,35411.0,0.0,35411.0
1676073600,2023-02-11,14598.0,0.0,14598.0
1676160000,2023-02-12,19846.0,0.0,19846.0
1676246400,2023-02-13,53868.0,0.0,53868.0
1676332800,2023-02-14,34209.0,0.0,34209.0
1676419200,2023-02-15,30541.0,0.0,30541.0
1676505600,2023-02-16,169975.0,0.0,169975.0
1676592000,2023-02-17,36046.0,0.0,36046.0
1676678400,2023-02-18,19554.0,0.0,19554.0
1676764800,2023-02-19,9835.0,0.0,9835.0
1676851200,2023-02-20,14560.0,0.0,14560.0
1676937600,2023-02-21,20555.0,0.0,20555.0
1677024000,2023-02-22,32281.0,0.0,32281.0
1677110400,2023-02-23,188099.0,0.0,188099.0
1677196800,2023-02-24,13044.0,0.0,13044.0
1677283200,2023-02-25,16703.0,0.0,16703.0
1677369600,2023-02-26,7988.0,0.0,7988.0
1677456000,2023-02-27,17287.0,0.0,17287.0
1677542400,2023-02-28,22672.0,0.0,22672.0
1677628800,2023-03-01,21916.0,0.0,21916.0
1677715200,2023-03-02,153004.0,0.0,153004.0
1677801600,2023-03-03,16281.0,0.0,16281.0
1677888000,2023-03-04,10742.0,0.0,10742.0
1677974400,2023-03-05,6078.0,0.0,6078.0
1678060800,2023-03-06,8458.0,0.0,8458.0
1678147200,2023-03-07,11571.0,0.0,11571.0
1678233600,2023-03-08,9360.0,0.0,9360.0
1678320000,2023-03-09,174842.0,0.0,174842.0
1678406400,2023-03-10,28121.0,0.0,28121.0
1678492800,2023-03-11,59163.0,0.0,59163.0
1678579200,2023-03-12,26886.0,0.0,26886.0
1678752000,2023-03-14,28866.0,0.0,28866.0
1678838400,2023-03-15,20610.0,0.0,20610.0
1678924800,2023-03-16,290632.0,0.0,290632.0
1679011200,2023-03-17,17290.0,0.0,17290.0
1679097600,2023-03-18,13802.0,0.0,13802.0
1679184000,2023-03-19,11427.0,0.0,11427.0
1679270400,2023-03-20,11185.0,0.0,11185.0
1679356800,2023-03-21,14089.0,0.0,14089.0
1679443200,2023-03-22,14870.0,0.0,14870.0
1679529600,2023-03-23,193267.0,0.0,193267.0
1679616000,2023-03-24,6739.0,0.0,6739.0
1679702400,2023-03-25,3995.0,0.0,3995.0
1679788800,2023-03-26,5070.0,0.0,5070.0
1679875200,2023-03-27,5614.0,0.0,5614.0
1679961600,2023-03-28,8863.0,0.0,8863.0
1680048000,2023-03-29,19113.0,0.0,19113.0
1680134400,2023-03-30,185182.0,0.0,185182.0
1680220800,2023-03-31,7803.0,0.0,7803.0
1680307200,2023-04-01,5653.0,0.0,5653.0
1680393600,2023-04-02,8714.0,0.0,8714.0
1680480000,2023-04-03,14575.0,0.0,14575.0
1680566400,2023-04-04,11209.0,0.0,11209.0
1680652800,2023-04-05,12523.0,0.0,12523.0
1680739200,2023-04-06,199736.0,0.0,199736.0
1680825600,2023-04-07,7005.0,0.0,7005.0
1680912000,2023-04-08,6304.0,0.0,6304.0
1680998400,2023-04-09,11975.0,0.0,11975.0
1681084800,2023-04-10,5759.0,0.0,5759.0
1681171200,2023-04-11,5401.0,0.0,5401.0
1681257600,2023-04-12,10093.0,0.0,10093.0
1681344000,2023-04-13,196263.0,0.0,196263.0
1681430400,2023-04-14,13402.0,0.0,13402.0
1681516800,2023-04-15,10166.0,0.0,10166.0
1681603200,2023-04-16,8185.0,0.0,8185.0
1681689600,2023-04-17,13862.0,0.0,13862.0
1681776000,2023-04-18,9747.0,0.0,9747.0
1681862400,2023-04-19,10081.0,0.0,10081.0
1681948800,2023-04-20,219199.0,0.0,219199.0
1682035200,2023-04-21,13275.0,0.0,13275.0
1682121600,2023-04-22,8307.0,0.0,8307.0
1682208000,2023-04-23,7573.0,0.0,7573.0
1682294400,2023-04-24,8019.0,0.0,8019.0
1682380800,2023-04-25,10918.0,0.0,10918.0
1682467200,2023-04-26,14576.0,0.0,14576.0
1682553600,2023-04-27,271395.0,0.0,271395.0
1682640000,2023-04-28,9124.0,0.0,9124.0
1682726400,2023-04-29,2558.0,0.0,2558.0
1682812800,2023-04-30,3607.0,0.0,3607.0
1682899200,2023-05-01,4748.0,0.0,4748.0
1682985600,2023-05-02,3013.0,0.0,3013.0
1683072000,2023-05-03,9256.0,0.0,9256.0
1683158400,2023-05-04,296812.0,0.0,296812.0
1683244800,2023-05-05,4336.0,0.0,4336.0
1683331200,2023-05-06,4360.0,0.0,4360.0
1683417600,2023-05-07,4898.0,0.0,4898.0
1683504000,2023-05-08,11818.0,0.0,11818.0
1683590400,2023-05-09,5599.0,0.0,5599.0
1683676800,2023-05-10,8321.0,0.0,8321.0
1683763200,2023-05-11,456112.0,0.0,456112.0
1683849600,2023-05-12,7565.0,0.0,7565.0
1683936000,2023-05-13,5013.0,0.0,5013.0
1684022400,2023-05-14,3409.0,0.0,3409.0
1684108800,2023-05-15,5681.0,0.0,5681.0
1684195200,2023-05-16,7911.0,0.0,7911.0
1684281600,2023-05-17,6956.0,0.0,6956.0
1684368000,2023-05-18,339914.0,0.0,339914.0
1684454400,2023-05-19,3212.0,0.0,3212.0
1684540800,2023-05-20,3261.0,0.0,3261.0
1684627200,2023-05-21,3368.0,0.0,3368.0
1684713600,2023-05-22,6098.0,0.0,6098.0
1684800000,2023-05-23,6129.0,0.0,6129.0
1684886400,2023-05-24,4162.0,0.0,4162.0
1684972800,2023-05-25,287598.0,0.0,287598.0
1685059200,2023-05-26,3054.0,0.0,3054.0
1685145600,2023-05-27,1562.0,0.0,1562.0
1685232000,2023-05-28,2430.0,0.0,2430.0
1685318400,2023-05-29,2013.0,0.0,2013.0
1685404800,2023-05-30,4710.0,0.0,4710.0
1685491200,2023-05-31,3762.0,0.0,3762.0
1685577600,2023-06-01,294284.0,0.0,294284.0
1685664000,2023-06-02,4220.0,0.0,4220.0
1685750400,2023-06-03,3029.0,0.0,3029.0
1685836800,2023-06-04,2045.0,0.0,2045.0
1685923200,2023-06-05,9254.0,0.0,9254.0
1686009600,2023-06-06,6246.0,0.0,6246.0
1686096000,2023-06-07,3152.0,0.0,3152.0
1686182400,2023-06-08,270987.0,0.0,270987.0
1686268800,2023-06-09,2761.0,0.0,2761.0
1686355200,2023-06-10,20570.0,0.0,20570.0
1686441600,2023-06-11,5141.0,0.0,5141.0
1686528000,2023-06-12,5670.0,0.0,5670.0
1686614400,2023-06-13,3531.0,0.0,3531.0
1686700800,2023-06-14,6424.0,0.0,6424.0
1686787200,2023-06-15,267788.0,0.0,267788.0
1686873600,2023-06-16,11933.0,0.0,11933.0
1686960000,2023-06-17,8350.0,0.0,8350.0
1687046400,2023-06-18,3419.0,0.0,3419.0
1687132800,2023-06-19,6852.0,0.0,6852.0
1687219200,2023-06-20,6921.0,0.0,6921.0
1687305600,2023-06-21,8295.0,0.0,8295.0
1687392000,2023-06-22,314005.0,0.0,314005.0
1687478400,2023-06-23,7508.0,0.0,7508.0
1687564800,2023-06-24,3979.0,0.0,3979.0
1687651200,2023-06-25,4823.0,0.0,4823.0
1687737600,2023-06-26,9994.0,0.0,9994.0
1687824000,2023-06-27,4019.0,0.0,4019.0
1687910400,2023-06-28,4345.0,0.0,4345.0
1687996800,2023-06-29,293401.0,0.0,293401.0
1688083200,2023-06-30,10079.0,0.0,10079.0
1688169600,2023-07-01,3386.0,0.0,3386.0
1688256000,2023-07-02,4180.0,0.0,4180.0
1688342400,2023-07-03,10066.0,0.0,10066.0
1688428800,2023-07-04,8304.0,0.0,8304.0
1688515200,2023-07-05,5340.0,0.0,5340.0
1688601600,2023-07-06,338195.0,0.0,338195.0
1688688000,2023-07-07,7133.0,0.0,7133.0
1688774400,2023-07-08,3200.0,0.0,3200.0
1688860800,2023-07-09,3710.0,0.0,3710.0
1688947200,2023-07-10,7433.0,0.0,7433.0
1689033600,2023-07-11,4024.0,0.0,4024.0
1689120000,2023-07-12,3996.0,0.0,3996.0
1689206400,2023-07-13,344910.0,0.0,344910.0
1689292800,2023-07-14,10850.0,0.0,10850.0
1689379200,2023-07-15,4821.0,0.0,4821.0
1689465600,2023-07-16,3461.0,0.0,3461.0
1689552000,2023-07-17,5260.0,0.0,5260.0
1689638400,2023-07-18,2803.0,0.0,2803.0
1689724800,2023-07-19,5207.0,0.0,5207.0
1689811200,2023-07-20,341866.0,0.0,341866.0
1689897600,2023-07-21,3280.0,0.0,3280.0
1689984000,2023-07-22,2267.0,0.0,2267.0
1690070400,2023-07-23,2986.0,0.0,2986.0
1690156800,2023-07-24,3493.0,0.0,3493.0
1690243200,2023-07-25,4144.0,0.0,4144.0
1690329600,2023-07-26,5007.0,0.0,5007.0
1690416000,2023-07-27,327430.0,0.0,327430.0
1690502400,2023-07-28,5352.0,0.0,5352.0
1690588800,2023-07-29,7358.0,0.0,7358.0
1690675200,2023-07-30,10300.0,0.0,10300.0
1690761600,2023-07-31,17145.0,0.0,17145.0
1690848000,2023-08-01,26964.0,0.0,26964.0
1690934400,2023-08-02,9907.0,0.0,9907.0
1691020800,2023-08-03,362315.0,0.0,362315.0
1691107200,2023-08-04,10924.0,0.0,10924.0
1691193600,2023-08-05,9905.0,0.0,9905.0
1691280000,2023-08-06,6003.0,0.0,6003.0
1691366400,2023-08-07,6350.0,0.0,6350.0
1691452800,2023-08-08,6408.0,0.0,6408.0
1691539200,2023-08-09,10647.0,0.0,10647.0
1691625600,2023-08-10,344999.0,0.0,344999.0
1691712000,2023-08-11,3249.0,0.0,3249.0
1691798400,2023-08-12,2277.0,0.0,2277.0
1691884800,2023-08-13,2278.0,0.0,2278.0
1691971200,2023-08-14,8871.0,0.0,8871.0
1692057600,2023-08-15,11269.0,0.0,11269.0
1692144000,2023-08-16,8118.0,0.0,8118.0
1692230400,2023-08-17,337084.0,0.0,337084.0
1692316800,2023-08-18,7332.0,0.0,7332.0
1692403200,2023-08-19,3944.0,0.0,3944.0
1692489600,2023-08-20,4669.0,0.0,4669.0
1692576000,2023-08-21,3681.0,0.0,3681.0
1692662400,2023-08-22,6109.0,0.0,6109.0
1692748800,2023-08-23,4488.0,0.0,4488.0
1692835200,2023-08-24,303017.0,0.0,303017.0
1692921600,2023-08-25,3853.0,0.0,3853.0
1693008000,2023-08-26,2113.0,0.0,2113.0
1693094400,2023-08-27,2157.0,0.0,2157.0
1693180800,2023-08-28,2122.0,0.0,2122.0
1693267200,2023-08-29,6662.0,0.0,6662.0
1693353600,2023-08-30,2230.0,0.0,2230.0
1693440000,2023-08-31,302942.0,0.0,302942.0
1693526400,2023-09-01,3101.0,0.0,3101.0
1693612800,2023-09-02,1554.0,0.0,1554.0
1693699200,2023-09-03,5177.0,0.0,5177.0
1693785600,2023-09-04,8896.0,0.0,8896.0
1693872000,2023-09-05,3340.0,0.0,3340.0
1693958400,2023-09-06,4251.0,0.0,4251.0
1694044800,2023-09-07,284528.0,0.0,284528.0
1694131200,2023-09-08,5694.0,0.0,5694.0
1694217600,2023-09-09,1394.0,0.0,1394.0
1694304000,2023-09-10,4298.0,0.0,4298.0
1694390400,2023-09-11,4243.0,0.0,4243.0
1694476800,2023-09-12,3182.0,0.0,3182.0
1694563200,2023-09-13,4121.0,0.0,4121.0
1694649600,2023-09-14,283458.0,0.0,283458.0
1694736000,2023-09-15,2891.0,0.0,2891.0
1694822400,2023-09-16,1543.0,0.0,1543.0
1694908800,2023-09-17,1343.0,0.0,1343.0
1694995200,2023-09-18,2763.0,0.0,2763.0
1695081600,2023-09-19,3413.0,0.0,3413.0
1695168000,2023-09-20,3230.0,0.0,3230.0
1695254400,2023-09-21,297393.0,0.0,297393.0
1695340800,2023-09-22,4306.0,0.0,4306.0
1695427200,2023-09-23,3037.0,0.0,3037.0
1695513600,2023-09-24,2611.0,0.0,2611.0
1695600000,2023-09-25,3819.0,0.0,3819.0
1695686400,2023-09-26,5534.0,0.0,5534.0
1695772800,2023-09-27,5359.0,0.0,5359.0
1695859200,2023-09-28,261936.0,0.0,261936.0
1695945600,2023-09-29,5900.0,0.0,5900.0
1696032000,2023-09-30,6401.0,0.0,6401.0
1696118400,2023-10-01,6882.0,0.0,6882.0
1696204800,2023-10-02,6715.0,0.0,6715.0
1696291200,2023-10-03,3720.0,0.0,3720.0
1696377600,2023-10-04,6568.0,0.0,6568.0
1696464000,2023-10-05,280670.0,0.0,280670.0
1696550400,2023-10-06,2805.0,0.0,2805.0
1696636800,2023-10-07,1310.0,0.0,1310.0
1696723200,2023-10-08,1278.0,0.0,1278.0
1696809600,2023-10-09,4709.0,0.0,4709.0
1696896000,2023-10-10,3835.0,0.0,3835.0
1696982400,2023-10-11,6124.0,0.0,6124.0
1697068800,2023-10-12,271667.0,0.0,271667.0
1697155200,2023-10-13,11054.0,0.0,11054.0
1697241600,2023-10-14,3181.0,0.0,3181.0
1697328000,2023-10-15,6842.0,0.0,6842.0
1697414400,2023-10-16,10488.0,0.0,10488.0
1697500800,2023-10-17,4940.0,0.0,4940.0
1697587200,2023-10-18,2480.0,0.0,2480.0
1697673600,2023-10-19,272914.0,0.0,272914.0
1697760000,2023-10-20,3756.0,0.0,3756.0
1697846400,2023-10-21,2624.0,0.0,2624.0
1697932800,2023-10-22,3445.0,0.0,3445.0
1698019200,2023-10-23,6508.0,0.0,6508.0
1698105600,2023-10-24,11456.0,0.0,11456.0
1698192000,2023-10-25,9032.0,0.0,9032.0
1698278400,2023-10-26,297090.0,0.0,297090.0
1698364800,2023-10-27,4727.0,0.0,4727.0
1698451200,2023-10-28,3329.0,0.0,3329.0
1698537600,2023-10-29,4038.0,0.0,4038.0
1698624000,2023-10-30,6272.0,0.0,6272.0
1698710400,2023-10-31,7072.0,0.0,7072.0
1698796800,2023-11-01,9474.0,0.0,9474.0
1698883200,2023-11-02,355659.0,0.0,355659.0
1698969600,2023-11-03,6602.0,0.0,6602.0
1699056000,2023-11-04,6353.0,0.0,6353.0
1699142400,2023-11-05,6318.0,0.0,6318.0
1699228800,2023-11-06,11162.0,0.0,11162.0
1699315200,2023-11-07,7390.0,0.0,7390.0
1699401600,2023-11-08,5417.0,0.0,5417.0
1699488000,2023-11-09,380509.0,0.0,380509.0
1699574400,2023-11-10,21149.0,0.0,21149.0
1699660800,2023-11-11,10514.0,0.0,10514.0
1699747200,2023-11-12,8171.0,0.0,8171.0
1699833600,2023-11-13,23252.0,0.0,23252.0
1699920000,2023-11-14,20448.0,0.0,20448.0
1700006400,2023-11-15,14696.0,0.0,14696.0
1700092800,2023-11-16,411360.0,0.0,411360.0
1700179200,2023-11-17,11351.0,0.0,11351.0
1700265600,2023-11-18,7514.0,0.0,7514.0
1700352000,2023-11-19,6457.0,0.0,6457.0
1700438400,2023-11-20,9793.0,0.0,9793.0
1700524800,2023-11-21,13676.0,0.0,13676.0
1700611200,2023-11-22,14034.0,0.0,14034.0
1700697600,2023-11-23,394818.0,0.0,394818.0
1700784000,2023-11-24,6480.0,0.0,6480.0
1700870400,2023-11-25,4281.0,0.0,4281.0
1700956800,2023-11-26,3762.0,0.0,3762.0
1701043200,2023-11-27,7643.0,0.0,7643.0
1701129600,2023-11-28,4982.0,0.0,4982.0
1701216000,2023-11-29,5302.0,0.0,5302.0
1701302400,2023-11-30,370237.0,0.0,370237.0
1701388800,2023-12-01,8565.0,0.0,8565.0
1701475200,2023-12-02,5071.0,0.0,5071.0
1701561600,2023-12-03,6611.0,0.0,6611.0
1701648000,2023-12-04,18150.0,0.0,18150.0
1701734400,2023-12-05,9546.0,0.0,9546.0
1701820800,2023-12-06,10639.0,0.0,10639.0
1701907200,2023-12-07,445360.0,0.0,445360.0
1701993600,2023-12-08,5105.0,0.0,5105.0
1702080000,2023-12-09,8979.0,0.0,8979.0
1702166400,2023-12-10,7976.0,0.0,7976.0
1702252800,2023-12-11,20563.0,0.0,20563.0
1702339200,2023-12-12,11896.0,0.0,11896.0
1702425600,2023-12-13,10975.0,0.0,10975.0
1702512000,2023-12-14,423007.0,0.0,423007.0
1702598400,2023-12-15,7137.0,0.0,7137.0
1702684800,2023-12-16,4867.0,0.0,4867.0
1702771200,2023-12-17,5458.0,0.0,5458.0
1702857600,2023-12-18,10097.0,0.0,10097.0
1702944000,2023-12-19,6786.0,0.0,6786.0
1703030400,2023-12-20,8106.0,0.0,8106.0
1703116800,2023-12-21,444757.0,0.0,444757.0
1703203200,2023-12-22,11242.0,0.0,11242.0
1703289600,2023-12-23,4226.0,0.0,4226.0
1703376000,2023-12-24,7225.0,0.0,7225.0
1703462400,2023-12-25,5830.0,0.0,5830.0
1703548800,2023-12-26,28184.0,0.0,28184.0
1703635200,2023-12-27,10799.0,0.0,10799.0
1703721600,2023-12-28,450314.0,0.0,450314.0
1703808000,2023-12-29,8631.0,0.0,8631.0
1703894400,2023-12-30,5216.0,0.0,5216.0
1703980800,2023-12-31,4269.0,0.0,4269.0
1704067200,2024-01-01,4425.0,0.0,4425.0
1704153600,2024-01-02,10818.0,0.0,10818.0
1704240000,2024-01-03,17028.0,0.0,17028.0
1704326400,2024-01-04,409002.0,0.0,409002.0
1704412800,2024-01-05,8398.0,0.0,8398.0
1704499200,2024-01-06,5984.0,0.0,5984.0
1704585600,2024-01-07,5031.0,0.0,5031.0
1704672000,2024-01-08,10107.0,0.0,10107.0
1704758400,2024-01-09,11766.0,0.0,11766.0
1704844800,2024-01-10,19988.0,0.0,19988.0
1704931200,2024-01-11,543797.0,0.0,543797.0
1705017600,2024-01-12,21869.0,0.0,21869.0
1705104000,2024-01-13,11314.0,0.0,11314.0
1705190400,2024-01-14,6504.0,0.0,6504.0
1705276800,2024-01-15,14842.0,0.0,14842.0
1705363200,2024-01-16,6132.0,0.0,6132.0
1705449600,2024-01-17,4608.0,0.0,4608.0
1705536000,2024-01-18,498911.0,0.0,498911.0
1705622400,2024-01-19,9967.0,0.0,9967.0
1705708800,2024-01-20,6012.0,0.0,6012.0
1705795200,2024-01-21,6420.0,0.0,6420.0
1705881600,2024-01-22,21333.0,0.0,21333.0
1705968000,2024-01-23,14761.0,0.0,14761.0
1706054400,2024-01-24,16666.0,0.0,16666.0
1706140800,2024-01-25,415361.0,0.0,415361.0
1706227200,2024-01-26,9433.0,0.0,9433.0
1706313600,2024-01-27,8939.0,0.0,8939.0
1706400000,2024-01-28,4549.0,0.0,4549.0
1706486400,2024-01-29,6255.0,0.0,6255.0
1706572800,2024-01-30,8935.0,0.0,8935.0
1706659200,2024-01-31,10130.0,0.0,10130.0
1706745600,2024-02-01,417970.0,0.0,417970.0
1706832000,2024-02-02,6716.0,0.0,6716.0
1706918400,2024-02-03,4968.0,0.0,4968.0
1707004800,2024-02-04,3329.0,0.0,3329.0
1707091200,2024-02-05,14372.0,0.0,14372.0
1707177600,2024-02-06,13865.0,0.0,13865.0
1707264000,2024-02-07,7094.0,0.0,7094.0
1707350400,2024-02-08,447646.0,0.0,447646.0
1707436800,2024-02-09,6888.0,0.0,6888.0
1707523200,2024-02-10,2780.0,0.0,2780.0
1707782400,2024-02-13,5151.0,0.0,5151.0
1707868800,2024-02-14,7565.0,0.0,7565.0
1707955200,2024-02-15,543085.0,0.0,543085.0
1708041600,2024-02-16,9587.0,0.0,9587.0
1708128000,2024-02-17,5377.0,0.0,5377.0
1708214400,2024-02-18,4819.0,0.0,4819.0
1708300800,2024-02-19,8023.0,0.0,8023.0
1708387200,2024-02-20,9498.0,0.0,9498.0
1708473600,2024-02-21,11399.0,0.0,11399.0
1708560000,2024-02-22,555080.0,0.0,555080.0
1708646400,2024-02-23,14305.0,0.0,14305.0
1708732800,2024-02-24,14368.0,0.0,14368.0
1708819200,2024-02-25,10087.0,0.0,10087.0
1708905600,2024-02-26,25552.0,0.0,25552.0
1708992000,2024-02-27,10473.0,0.0,10473.0
1709078400,2024-02-28,16419.0,0.0,16419.0
1709164800,2024-02-29,645991.0,0.0,645991.0
1709251200,2024-03-01,7857.0,0.0,7857.0
1709337600,2024-03-02,5131.0,0.0,5131.0
1709424000,2024-03-03,10639.0,0.0,10639.0
1709510400,2024-03-04,8770.0,0.0,8770.0
1709596800,2024-03-05,29567.0,0.0,29567.0
1709683200,2024-03-06,11954.0,0.0,11954.0
1709769600,2024-03-07,910535.0,0.0,910535.0
1709856000,2024-03-08,10239.0,0.0,10239.0
1709942400,2024-03-09,30391.0,0.0,30391.0
1710028800,2024-03-10,27630.0,0.0,27630.0
1710115200,2024-03-11,21516.0,0.0,21516.0
1710201600,2024-03-12,22126.0,0.0,22126.0
1710288000,2024-03-13,22191.0,0.0,22191.0
1710374400,2024-03-14,18402.0,0.0,18402.0
1710460800,2024-03-15,789721.0,0.0,789721.0
1710547200,2024-03-16,11701.0,0.0,11701.0
1710633600,2024-03-17,13415.0,0.0,13415.0
1710720000,2024-03-18,10768.0,0.0,10768.0
1710806400,2024-03-19,29829.0,0.0,29829.0
1710892800,2024-03-20,14471.0,0.0,14471.0
1710979200,2024-03-21,583681.0,0.0,583681.0
1711065600,2024-03-22,11904.0,0.0,11904.0
1711152000,2024-03-23,5112.0,0.0,5112.0
1711238400,2024-03-24,5054.0,0.0,5054.0
1711324800,2024-03-25,5123.0,0.0,5123.0
1711411200,2024-03-26,8879.0,0.0,8879.0
1711497600,2024-03-27,11622.0,0.0,11622.0
1711584000,2024-03-28,614116.0,0.0,614116.0
1711670400,2024-03-29,6681.0,0.0,6681.0
1711756800,2024-03-30,3239.0,0.0,3239.0
1711843200,2024-03-31,2028.0,0.0,2028.0
1711929600,2024-04-01,6621.0,0.0,6621.0
1712016000,2024-04-02,9998.0,0.0,9998.0
1712102400,2024-04-03,33749.0,0.0,33749.0
1712188800,2024-04-04,643716.0,0.0,643716.0
1712275200,2024-04-05,32860.0,0.0,32860.0
1712361600,2024-04-06,25794.0,0.0,25794.0
1712448000,2024-04-07,26151.0,0.0,26151.0
1712534400,2024-04-08,28825.0,0.0,28825.0
1712620800,2024-04-09,35408.0,0.0,35408.0
1712707200,2024-04-10,50062.0,0.0,50062.0
1712793600,2024-04-11,512187.0,0.0,512187.0
1712880000,2024-04-12,40527.0,0.0,40527.0
1712966400,2024-04-13,54060.0,0.0,54060.0
1713052800,2024-04-14,37217.0,0.0,37217.0
1713139200,2024-04-15,40595.0,0.0,40595.0
1713225600,2024-04-16,36933.0,0.0,36933.0
1713312000,2024-04-17,34182.0,0.0,34182.0
1713398400,2024-04-18,544750.0,0.0,544750.0
1713484800,2024-04-19,35128.0,0.0,35128.0
1713571200,2024-04-20,26229.0,0.0,26229.0
1713657600,2024-04-21,26205.0,0.0,26205.0
1713744000,2024-04-22,27781.0,0.0,27781.0
1713830400,2024-04-23,29838.0,0.0,29838.0
1713916800,2024-04-24,28347.0,0.0,28347.0
1714003200,2024-04-25,382712.0,0.0,382712.0
1714089600,2024-04-26,30006.0,0.0,30006.0
1714176000,2024-04-27,33993.0,0.0,33993.0
1714262400,2024-04-28,26137.0,0.0,26137.0
1714348800,2024-04-29,24972.0,0.0,24972.0
1714435200,2024-04-30,29902.0,0.0,29902.0
1714521600,2024-05-01,26068.0,0.0,26068.0
1714608000,2024-05-02,370307.0,0.0,370307.0
1714694400,2024-05-03,23409.0,0.0,23409.0
1714780800,2024-05-04,21341.0,0.0,21341.0
1714867200,2024-05-05,24158.0,0.0,24158.0
1714953600,2024-05-06,24886.0,0.0,24886.0
1715040000,2024-05-07,23716.0,0.0,23716.0
1715126400,2024-05-08,23527.0,0.0,23527.0
1715212800,2024-05-09,325850.0,0.0,325850.0
1715299200,2024-05-10,22535.0,0.0,22535.0
1715385600,2024-05-11,21489.0,0.0,21489.0
1715472000,2024-05-12,21889.0,0.0,21889.0
1715558400,2024-05-13,22612.0,0.0,22612.0
1715644800,2024-05-14,22057.0,0.0,22057.0
1715731200,2024-05-15,22431.0,0.0,22431.0
1715817600,2024-05-16,370342.0,0.0,370342.0
1715904000,2024-05-17,20551.0,0.0,20551.0
1715990400,2024-05-18,21168.0,0.0,21168.0
1716076800,2024-05-19,19675.0,0.0,19675.0
1716163200,2024-05-20,25073.0,0.0,25073.0
1716249600,2024-05-21,25918.0,0.0,25918.0
1716336000,2024-05-22,22579.0,0.0,22579.0
1716422400,2024-05-23,395667.0,0.0,395667.0
1716508800,2024-05-24,27992.0,0.0,27992.0
1716595200,2024-05-25,22915.0,0.0,22915.0
1716681600,2024-05-26,20241.0,0.0,20241.0
1716768000,2024-05-27,21753.0,0.0,21753.0
1716854400,2024-05-28,26814.0,0.0,26814.0
1716940800,2024-05-29,22560.0,0.0,22560.0
1717027200,2024-05-30,456512.0,0.0,456512.0
1717113600,2024-05-31,23886.0,0.0,23886.0
1717200000,2024-06-01,21049.0,0.0,21049.0
1717286400,2024-06-02,22426.0,0.0,22426.0
1717372800,2024-06-03,22718.0,0.0,22718.0
1717459200,2024-06-04,21395.0,0.0,21395.0
1717545600,2024-06-05,20297.0,0.0,20297.0
1717632000,2024-06-06,456668.0,0.0,456668.0
1717718400,2024-06-07,29707.0,0.0,29707.0
1717804800,2024-06-08,22593.0,0.0,22593.0
1717891200,2024-06-09,19110.0,0.0,19110.0
1717977600,2024-06-10,20014.0,0.0,20014.0
1718064000,2024-06-11,21978.0,0.0,21978.0
1718150400,2024-06-12,23408.0,0.0,23408.0
1718236800,2024-06-13,464294.0,0.0,464294.0
1718323200,2024-06-14,19555.0,0.0,19555.0
1718409600,2024-06-15,18647.0,0.0,18647.0
1718496000,2024-06-16,17684.0,0.0,17684.0
1718582400,2024-06-17,27052.0,0.0,27052.0
1718668800,2024-06-18,24690.0,0.0,24690.0
1718755200,2024-06-19,18991.0,0.0,18991.0
1718841600,2024-06-20,401530.0,0.0,401530.0
1718928000,2024-06-21,18745.0,0.0,18745.0
1719014400,2024-06-22,17510.0,0.0,17510.0
1719100800,2024-06-23,16728.0,0.0,16728.0
1719187200,2024-06-24,19540.0,0.0,19540.0
1719273600,2024-06-25,8802.0,0.0,8802.0
1719360000,2024-06-26,16145.0,0.0,16145.0
1719446400,2024-06-27,370519.0,0.0,370519.0
1719532800,2024-06-28,17222.0,0.0,17222.0
1719619200,2024-06-29,16405.0,0.0,16405.0
1719705600,2024-06-30,16371.0,0.0,16371.0
1719792000,2024-07-01,15745.0,0.0,15745.0
1719878400,2024-07-02,15031.0,0.0,15031.0
1719964800,2024-07-03,19762.0,0.0,19762.0
1720051200,2024-07-04,334815.0,0.0,334815.0
1720137600,2024-07-05,25317.0,0.0,25317.0
1720224000,2024-07-06,16941.0,0.0,16941.0
1720310400,2024-07-07,16642.0,0.0,16642.0
1720396800,2024-07-08,18882.0,0.0,18882.0
1720483200,2024-07-09,14382.0,0.0,14382.0
1720569600,2024-07-10,15508.0,0.0,15508.0
1720656000,2024-07-11,368938.0,0.0,368938.0
1720742400,2024-07-12,14477.0,0.0,14477.0
1720828800,2024-07-13,1368.0,0.0,1368.0
1720915200,2024-07-14,2786.0,0.0,2786.0
1721001600,2024-07-15,16225.0,0.0,16225.0
1721088000,2024-07-16,18205.0,0.0,18205.0
1721174400,2024-07-17,16290.0,0.0,16290.0
1721260800,2024-07-18,359076.0,0.0,359076.0
1721347200,2024-07-19,14103.0,0.0,14103.0
1721433600,2024-07-20,12801.0,0.0,12801.0
1721520000,2024-07-21,14522.0,0.0,14522.0
1721606400,2024-07-22,16261.0,0.0,16261.0
1721692800,2024-07-23,16183.0,0.0,16183.0
1721779200,2024-07-24,13429.0,0.0,13429.0
1721865600,2024-07-25,344685.0,0.0,344685.0
1721952000,2024-07-26,13525.0,0.0,13525.0
1722038400,2024-07-27,2401.0,0.0,2401.0
1722124800,2024-07-28,12696.0,0.0,12696.0
1722211200,2024-07-29,16427.0,0.0,16427.0
1722297600,2024-07-30,15491.0,0.0,15491.0
1722384000,2024-07-31,15655.0,0.0,15655.0
1722470400,2024-08-01,356247.0,0.0,356247.0
1722556800,2024-08-02,21400.0,0.0,21400.0
1722643200,2024-08-03,28018.0,0.0,28018.0
1722729600,2024-08-04,23816.0,0.0,23816.0
1722816000,2024-08-05,38329.0,0.0,38329.0
1722902400,2024-08-06,18140.0,0.0,18140.0
1722988800,2024-08-07,17870.0,0.0,17870.0
1723075200,2024-08-08,342540.0,0.0,342540.0
1723161600,2024-08-09,15119.0,0.0,15119.0
1723248000,2024-08-10,12874.0,0.0,12874.0
1723334400,2024-08-11,14465.0,0.0,14465.0
1723420800,2024-08-12,16796.0,0.0,16796.0
1723507200,2024-08-13,2348.0,0.0,2348.0
1723593600,2024-08-14,15259.0,0.0,15259.0
1723680000,2024-08-15,280367.0,0.0,280367.0
1723766400,2024-08-16,15572.0,0.0,15572.0
1723852800,2024-08-17,12643.0,0.0,12643.0
1723939200,2024-08-18,14827.0,0.0,14827.0
1724025600,2024-08-19,13415.0,0.0,13415.0
1724112000,2024-08-20,10648.0,0.0,10648.0
1724198400,2024-08-21,20123.0,0.0,20123.0
1724284800,2024-08-22,263011.0,0.0,263011.0
1724371200,2024-08-23,17797.0,0.0,17797.0
1724457600,2024-08-24,17633.0,0.0,17633.0
1724544000,2024-08-25,15339.0,0.0,15339.0
1724630400,2024-08-26,14825.0,0.0,14825.0
1724716800,2024-08-27,16520.0,0.0,16520.0
1724803200,2024-08-28,16959.0,0.0,16959.0
1724889600,2024-08-29,295733.0,0.0,295733.0
1724976000,2024-08-30,14863.0,0.0,14863.0
1725062400,2024-08-31,13173.0,0.0,13173.0
1725148800,2024-09-01,15144.0,0.0,15144.0
1725235200,2024-09-02,14074.0,0.0,14074.0
1725321600,2024-09-03,13026.0,0.0,13026.0
1725408000,2024-09-04,13387.0,0.0,13387.0
1725494400,2024-09-05,252269.0,0.0,252269.0
1725580800,2024-09-06,14438.0,0.0,14438.0
1725667200,2024-09-07,10344.0,0.0,10344.0
1725753600,2024-09-08,7840.0,0.0,7840.0
1725840000,2024-09-09,7365.0,0.0,7365.0
1725926400,2024-09-10,8186.0,0.0,8186.0
1726012800,2024-09-11,7838.0,0.0,7838.0
1726099200,2024-09-12,253335.0,0.0,253335.0
1726185600,2024-09-13,8369.0,0.0,8369.0
1726272000,2024-09-14,7231.0,0.0,7231.0
1726358400,2024-09-15,8012.0,0.0,8012.0
1726444800,2024-09-16,7705.0,0.0,7705.0
1726531200,2024-09-17,7697.0,0.0,7697.0
1726617600,2024-09-18,9541.0,0.0,9541.0
1726704000,2024-09-19,247442.0,0.0,247442.0
1726790400,2024-09-20,10459.0,0.0,10459.0
1726876800,2024-09-21,8333.0,0.0,8333.0
1726963200,2024-09-22,7603.0,0.0,7603.0
1727049600,2024-09-23,19239.0,0.0,19239.0
1727136000,2024-09-24,18655.0,0.0,18655.0
1727222400,2024-09-25,13632.0,0.0,13632.0
1727308800,2024-09-26,315750.0,0.0,315750.0
1727395200,2024-09-27,23809.0,0.0,23809.0
1727481600,2024-09-28,12502.0,0.0,12502.0
1727568000,2024-09-29,23533.0,0.0,23533.0
1727654400,2024-09-30,21965.0,0.0,21965.0
1727740800,2024-10-01,18401.0,0.0,18401.0
1727827200,2024-10-02,20377.0,0.0,20377.0
1727913600,2024-10-03,268850.0,0.0,268850.0
1728000000,2024-10-04,16310.0,0.0,16310.0
1728086400,2024-10-05,11331.0,0.0,11331.0
1728172800,2024-10-06,16475.0,0.0,16475.0
1728259200,2024-10-07,14141.0,0.0,14141.0
1728345600,2024-10-08,10114.0,0.0,10114.0
1728432000,2024-10-09,21302.0,0.0,21302.0
1728518400,2024-10-10,236593.0,0.0,236593.0
1728604800,2024-10-11,8985.0,0.0,8985.0
1728691200,2024-10-12,17857.0,0.0,17857.0
1728777600,2024-10-13,13513.0,0.0,13513.0
1728864000,2024-10-14,16888.0,0.0,16888.0
1728950400,2024-10-15,14778.0,0.0,14778.0
1729036800,2024-10-16,15458.0,0.0,15458.0
1729123200,2024-10-17,241020.0,0.0,241020.0
1729209600,2024-10-18,25230.0,0.0,25230.0
1729296000,2024-10-19,7008.0,0.0,7008.0
1729382400,2024-10-20,16850.0,0.0,16850.0
1729468800,2024-10-21,9254.0,0.0,9254.0
1729555200,2024-10-22,13532.0,0.0,13532.0
1729641600,2024-10-23,14179.0,0.0,14179.0
1729728000,2024-10-24,237575.0,0.0,237575.0
1729814400,2024-10-25,19611.0,0.0,19611.0
1729900800,2024-10-26,17830.0,0.0,17830.0
1729987200,2024-10-27,10497.0,0.0,10497.0
1730073600,2024-10-28,12280.0,0.0,12280.0
1730160000,2024-10-29,19916.0,0.0,19916.0
1730246400,2024-10-30,14450.0,0.0,14450.0
1730332800,2024-10-31,224880.0,0.0,224880.0
1730419200,2024-11-01,2844.0,0.0,2844.0
1730505600,2024-11-02,37113.0,0.0,37113.0
1730592000,2024-11-03,16693.0,0.0,16693.0
1730678400,2024-11-04,8403.0,0.0,8403.0
1730764800,2024-11-05,22089.0,0.0,22089.0
1730851200,2024-11-06,14340.0,0.0,14340.0
1730937600,2024-11-07,273494.0,0.0,273494.0
1731024000,2024-11-08,19874.0,0.0,19874.0
1731110400,2024-11-09,8915.0,0.0,8915.0
1731196800,2024-11-10,32067.0,0.0,32067.0
1731283200,2024-11-11,27045.0,0.0,27045.0
1731369600,2024-11-12,45675.0,0.0,45675.0
1731456000,2024-11-13,18162.0,0.0,18162.0
1731542400,2024-11-14,296111.0,0.0,296111.0
1731628800,2024-11-15,20910.0,0.0,20910.0
1731715200,2024-11-16,18518.0,0.0,18518.0
1731801600,2024-11-17,16802.0,0.0,16802.0
1731888000,2024-11-18,19151.0,0.0,19151.0
1731974400,2024-11-19,27881.0,0.0,27881.0
1732060800,2024-11-20,26866.0,0.0,26866.0
1732147200,2024-11-21,294998.0,0.0,294998.0
1732233600,2024-11-22,33046.0,0.0,33046.0
1732320000,2024-11-23,23934.0,0.0,23934.0
1732406400,2024-11-24,30731.0,0.0,30731.0
1732492800,2024-11-25,31963.0,0.0,31963.0
1732579200,2024-11-26,35912.0,0.0,35912.0
1732665600,2024-11-27,32497.0,0.0,32497.0
1732752000,2024-11-28,315306.0,0.0,315306.0
1732838400,2024-11-29,26308.0,0.0,26308.0
1732924800,2024-11-30,21129.0,0.0,21129.0
1733011200,2024-12-01,26573.0,0.0,26573.0
1733097600,2024-12-02,31638.0,0.0,31638.0
1733184000,2024-12-03,29332.0,0.0,29332.0
1733270400,2024-12-04,42861.0,0.0,42861.0
1733356800,2024-12-05,326993.0,0.0,326993.0
1733443200,2024-12-06,35233.0,0.0,35233.0
1733529600,2024-12-07,45328.0,0.0,45328.0
1733616000,2024-12-08,26715.0,0.0,26715.0
1733702400,2024-12-09,30467.0,0.0,30467.0
1733788800,2024-12-10,31901.0,0.0,31901.0
1733875200,2024-12-11,24964.0,0.0,24964.0
1733961600,2024-12-12,339418.0,0.0,339418.0
1734048000,2024-12-13,32246.0,0.0,32246.0
1734134400,2024-12-14,26911.0,0.0,26911.0
1734220800,2024-12-15,26056.0,0.0,26056.0
1734307200,2024-12-16,26092.0,0.0,26092.0
1734393600,2024-12-17,24341.0,0.0,24341.0
1734480000,2024-12-18,31406.0,0.0,31406.0
1734566400,2024-12-19,291509.0,0.0,291509.0
1734652800,2024-12-20,35871.0,0.0,35871.0
1734739200,2024-12-21,14253.0,0.0,14253.0
1734825600,2024-12-22,11628.0,0.0,11628.0
1734912000,2024-12-23,68032.0,0.0,68032.0
1734998400,2024-12-24,41376.0,0.0,41376.0
1735084800,2024-12-25,34261.0,0.0,34261.0
1735171200,2024-12-26,298807.0,0.0,298807.0
1735257600,2024-12-27,49197.0,0.0,49197.0
1735344000,2024-12-28,24957.0,0.0,24957.0
1735430400,2024-12-29,35057.0,0.0,35057.0
1735516800,2024-12-30,51207.0,0.0,51207.0
1735603200,2024-12-31,44671.0,0.0,44671.0
1735689600,2025-01-01,21195.0,0.0,21195.0
1735776000,2025-01-02,303629.0,0.0,303629.0
1735862400,2025-01-03,29198.0,0.0,29198.0
1735948800,2025-01-04,49014.0,0.0,49014.0
1736035200,2025-01-05,54623.0,0.0,54623.0
1736121600,2025-01-06,28893.0,0.0,28893.0
1736208000,2025-01-07,43238.0,0.0,43238.0
1736294400,2025-01-08,35485.0,0.0,35485.0
1736380800,2025-01-09,290392.0,0.0,290392.0
1736467200,2025-01-10,45380.0,0.0,45380.0
1736553600,2025-01-11,29864.0,0.0,29864.0
1736640000,2025-01-12,40148.0,0.0,40148.0
1736726400,2025-01-13,45937.0,0.0,45937.0
1736812800,2025-01-14,27936.0,0.0,27936.0
1736899200,2025-01-15,29600.0,0.0,29600.0
1736985600,2025-01-16,260916.0,0.0,260916.0
1737072000,2025-01-17,28444.0,0.0,28444.0
1737158400,2025-01-18,37635.0,0.0,37635.0
1737244800,2025-01-19,15188.0,0.0,15188.0
1737331200,2025-01-20,23913.0,0.0,23913.0
1737417600,2025-01-21,23763.0,0.0,23763.0
1737504000,2025-01-22,29741.0,0.0,29741.0
1737590400,2025-01-23,255997.0,0.0,255997.0
1737676800,2025-01-24,33505.0,0.0,33505.0
1737763200,2025-01-25,10764.0,0.0,10764.0
1737849600,2025-01-26,24084.0,0.0,24084.0
1737936000,2025-01-27,24513.0,0.0,24513.0
1738022400,2025-01-28,28775.0,0.0,28775.0
1738108800,2025-01-29,19288.0,0.0,19288.0
1738195200,2025-01-30,255864.0,0.0,255864.0
1738281600,2025-01-31,18116.0,0.0,18116.0
1738368000,2025-02-01,18598.0,0.0,18598.0
1738454400,2025-02-02,31719.0,0.0,31719.0
1738540800,2025-02-03,32594.0,0.0,32594.0
1738627200,2025-02-04,24725.0,0.0,24725.0
1738713600,2025-02-05,10202.0,0.0,10202.0
1738800000,2025-02-06,200100.0,0.0,200100.0
1738886400,2025-02-07,27605.0,0.0,27605.0
1738972800,2025-02-08,14566.0,0.0,14566.0
1739059200,2025-02-09,23391.0,0.0,23391.0
1739145600,2025-02-10,11680.0,0.0,11680.0
1739232000,2025-02-11,22048.0,0.0,22048.0
1739318400,2025-02-12,8458.0,0.0,8458.0
1739404800,2025-02-13,195807.0,0.0,195807.0
1739491200,2025-02-14,10758.0,0.0,10758.0
1739577600,2025-02-15,1191.0,0.0,1191.0
1739664000,2025-02-16,21157.0,0.0,21157.0
1739750400,2025-02-17,18382.0,0.0,18382.0
1739836800,2025-02-18,30089.0,0.0,30089.0
1739923200,2025-02-19,25471.0,0.0,25471.0
1740009600,2025-02-20,200368.0,0.0,200368.0
1740096000,2025-02-21,17072.0,0.0,17072.0
1740182400,2025-02-22,17509.0,0.0,17509.0
1740268800,2025-02-23,17488.0,0.0,17488.0
1740355200,2025-02-24,26435.0,0.0,26435.0
1740441600,2025-02-25,17616.0,0.0,17616.0
1740528000,2025-02-26,25064.0,0.0,25064.0
1740614400,2025-02-27,169997.0,0.0,169997.0
1740700800,2025-02-28,19410.0,0.0,19410.0
1740787200,2025-03-01,11146.0,0.0,11146.0
1740873600,2025-03-02,16068.0,0.0,16068.0
1740960000,2025-03-03,18142.0,0.0,18142.0
1741046400,2025-03-04,22882.0,0.0,22882.0
1741132800,2025-03-05,14923.0,0.0,14923.0
1741219200,2025-03-06,171373.0,0.0,171373.0
1741305600,2025-03-07,19029.0,0.0,19029.0
1741392000,2025-03-08,10148.0,0.0,10148.0
1741478400,2025-03-09,19362.0,0.0,19362.0
1741564800,2025-03-10,16301.0,0.0,16301.0
1741651200,2025-03-11,21373.0,0.0,21373.0
1741737600,2025-03-12,12063.0,0.0,12063.0
1741824000,2025-03-13,135082.0,0.0,135082.0
1741910400,2025-03-14,13314.0,0.0,13314.0
1741996800,2025-03-15,23689.0,0.0,23689.0
1742083200,2025-03-16,12144.0,0.0,12144.0
1742169600,2025-03-17,26144.0,0.0,26144.0
1742256000,2025-03-18,3872.0,0.0,3872.0
1742342400,2025-03-19,32263.0,0.0,32263.0
1742428800,2025-03-20,125385.0,0.0,125385.0
1742515200,2025-03-21,6755.0,0.0,6755.0
1742601600,2025-03-22,1973.0,0.0,1973.0
1742688000,2025-03-23,2185.0,0.0,2185.0
1742774400,2025-03-24,54337.0,0.0,54337.0
1742860800,2025-03-25,15961.0,0.0,15961.0
1742947200,2025-03-26,15487.0,0.0,15487.0
1743033600,2025-03-27,128419.0,0.0,128419.0
1743120000,2025-03-28,13710.0,0.0,13710.0
1743206400,2025-03-29,9467.0,0.0,9467.0
1743292800,2025-03-30,12729.0,0.0,12729.0
1743379200,2025-03-31,11930.0,0.0,11930.0
1743465600,2025-04-01,20855.0,0.0,20855.0
1743552000,2025-04-02,24041.0,0.0,24041.0
1743638400,2025-04-03,136871.0,0.0,136871.0
1743724800,2025-04-04,12098.0,0.0,12098.0
1743811200,2025-04-05,2573.0,0.0,2573.0
1743897600,2025-04-06,31405.0,0.0,31405.0
1743984000,2025-04-07,26185.0,0.0,26185.0
1744070400,2025-04-08,15332.0,0.0,15332.0
1744156800,2025-04-09,12618.0,0.0,12618.0
1744243200,2025-04-10,117171.0,0.0,117171.0
1744329600,2025-04-11,9322.0,0.0,9322.0
1744416000,2025-04-12,7640.0,0.0,7640.0
1744502400,2025-04-13,8905.0,0.0,8905.0
1744588800,2025-04-14,13036.0,0.0,13036.0
1744675200,2025-04-15,13098.0,0.0,13098.0
1744761600,2025-04-16,5167.0,0.0,5167.0
1744848000,2025-04-17,135542.0,0.0,135542.0
1744934400,2025-04-18,14325.0,0.0,14325.0
1745020800,2025-04-19,9827.0,0.0,9827.0
1745107200,2025-04-20,15086.0,0.0,15086.0
1745193600,2025-04-21,9869.0,0.0,9869.0
1745280000,2025-04-22,14963.0,0.0,14963.0
1745366400,2025-04-23,10777.0,0.0,10777.0
1745452800,2025-04-24,136151.0,0.0,136151.0
1745539200,2025-04-25,12108.0,0.0,12108.0
1745625600,2025-04-26,13250.0,0.0,13250.0
1745712000,2025-04-27,16790.0,0.0,16790.0
1745798400,2025-04-28,5873.0,0.0,5873.0
1745884800,2025-04-29,3355.0,0.0,3355.0
1745971200,2025-04-30,22322.0,0.0,22322.0
1746057600,2025-05-01,115242.0,0.0,115242.0
1746144000,2025-05-02,13366.0,0.0,13366.0
1746230400,2025-05-03,11618.0,0.0,11618.0
1746316800,2025-05-04,4345.0,0.0,4345.0
1746403200,2025-05-05,16774.0,0.0,16774.0
1746489600,2025-05-06,15528.0,0.0,15528.0
1746576000,2025-05-07,9975.0,0.0,9975.0
1746662400,2025-05-08,131171.0,0.0,131171.0
1746748800,2025-05-09,12733.0,0.0,12733.0
1746835200,2025-05-10,10527.0,0.0,10527.0
1746921600,2025-05-11,3208.0,0.0,3208.0
1747008000,2025-05-12,12954.0,0.0,12954.0
1747094400,2025-05-13,9512.0,0.0,9512.0
1747180800,2025-05-14,14235.0,0.0,14235.0
1747267200,2025-05-15,175556.0,0.0,175556.0
1747353600,2025-05-16,9121.0,0.0,9121.0
1747440000,2025-05-17,10114.0,0.0,10114.0
1747526400,2025-05-18,18524.0,0.0,18524.0
1747612800,2025-05-19,19850.0,0.0,19850.0
1747699200,2025-05-20,14263.0,0.0,14263.0
1747785600,2025-05-21,17842.0,0.0,17842.0
1747872000,2025-05-22,165831.0,0.0,165831.0
1747958400,2025-05-23,11953.0,0.0,11953.0
1748044800,2025-05-24,8182.0,0.0,8182.0
1748131200,2025-05-25,7099.0,0.0,7099.0
1748217600,2025-05-26,13749.0,0.0,13749.0
1748304000,2025-05-27,10278.0,0.0,10278.0
1748390400,2025-05-28,6177.0,0.0,6177.0
1748476800,2025-05-29,169689.0,0.0,169689.0
1748563200,2025-05-30,11458.0,0.0,11458.0
1748649600,2025-05-31,3980.0,0.0,3980.0
1748736000,2025-06-01,11685.0,0.0,11685.0
1748822400,2025-06-02,7601.0,0.0,7601.0
1748908800,2025-06-03,6917.0,0.0,6917.0
1748995200,2025-06-04,3137.0,0.0,3137.0
1749081600,2025-06-05,168204.0,0.0,168204.0
1749168000,2025-06-06,8288.0,0.0,8288.0
1749254400,2025-06-07,8031.0,0.0,8031.0
1749340800,2025-06-08,5045.0,0.0,5045.0
1749427200,2025-06-09,11581.0,0.0,11581.0
1749513600,2025-06-10,8048.0,0.0,8048.0
1749600000,2025-06-11,11735.0,0.0,11735.0
1749686400,2025-06-12,156901.0,0.0,156901.0
1749772800,2025-06-13,6484.0,0.0,6484.0
1749859200,2025-06-14,11928.0,0.0,11928.0
1749945600,2025-06-15,8188.0,0.0,8188.0
1750032000,2025-06-16,10261.0,0.0,10261.0
1750118400,2025-06-17,10552.0,0.0,10552.0
1750204800,2025-06-18,21564.0,0.0,21564.0
1750291200,2025-06-19,169126.0,0.0,169126.0
1750377600,2025-06-20,27861.0,0.0,27861.0
1750464000,2025-06-21,14684.0,0.0,14684.0
1750550400,2025-06-22,10188.0,0.0,10188.0
1750636800,2025-06-23,15675.0,0.0,15675.0
1750723200,2025-06-24,9456.0,0.0,9456.0
1750809600,2025-06-25,7492.0,0.0,7492.0
1750896000,2025-06-26,161621.0,0.0,161621.0
1750982400,2025-06-27,5598.0,0.0,5598.0
1751068800,2025-06-28,10123.0,0.0,10123.0
1751155200,2025-06-29,3061.0,0.0,3061.0
1751241600,2025-06-30,6775.0,0.0,6775.0
1751328000,2025-07-01,16780.0,0.0,16780.0
1751414400,2025-07-02,10622.0,0.0,10622.0
1751500800,2025-07-03,153306.0,0.0,153306.0
1751587200,2025-07-04,8946.0,0.0,8946.0
1751673600,2025-07-05,3596.0,0.0,3596.0
1751760000,2025-07-06,13401.0,0.0,13401.0
1751846400,2025-07-07,1865.0,0.0,1865.0
1751932800,2025-07-08,11386.0,0.0,11386.0
1752019200,2025-07-09,7920.0,0.0,7920.0
1752105600,2025-07-10,172597.0,0.0,172597.0
1752192000,2025-07-11,18835.0,0.0,18835.0
1752278400,2025-07-12,7941.0,0.0,7941.0
1752364800,2025-07-13,9521.0,0.0,9521.0
1752451200,2025-07-14,13351.0,0.0,13351.0
1752537600,2025-07-15,12275.0,0.0,12275.0
1752624000,2025-07-16,10810.0,0.0,10810.0
1752710400,2025-07-17,227264.0,0.0,227264.0
1752796800,2025-07-18,17646.0,0.0,17646.0
1752883200,2025-07-19,29431.0,0.0,29431.0
1752969600,2025-07-20,17975.0,0.0,17975.0
1753056000,2025-07-21,12918.0,0.0,12918.0
1753142400,2025-07-22,13041.0,0.0,13041.0
1753228800,2025-07-23,9970.0,0.0,9970.0
1753315200,2025-07-24,238057.0,0.0,238057.0
1753401600,2025-07-25,7273.0,0.0,7273.0
1753488000,2025-07-26,7251.0,0.0,7251.0
1753574400,2025-07-27,11127.0,0.0,11127.0
1753660800,2025-07-28,26927.0,0.0,26927.0
1753747200,2025-07-29,5932.0,0.0,5932.0
1753833600,2025-07-30,13825.0,0.0,13825.0
1753920000,2025-07-31,215921.0,0.0,215921.0
1754006400,2025-08-01,10774.0,0.0,10774.0
1754092800,2025-08-02,5412.0,0.0,5412.0
1754179200,2025-08-03,9371.0,0.0,9371.0
1754265600,2025-08-04,8424.0,0.0,8424.0
1754352000,2025-08-05,27925.0,0.0,27925.0
1754438400,2025-08-06,8393.0,0.0,8393.0
1754524800,2025-08-07,231776.0,0.0,231776.0
1754611200,2025-08-08,12216.0,0.0,12216.0
1754697600,2025-08-09,6732.0,0.0,6732.0
1754784000,2025-08-10,21393.0,0.0,21393.0
1754870400,2025-08-11,7834.0,0.0,7834.0
1754956800,2025-08-12,16400.0,0.0,16400.0
1755043200,2025-08-13,9351.0,0.0,9351.0
1755129600,2025-08-14,268824.0,0.0,268824.0
1755216000,2025-08-15,7906.0,0.0,7906.0
1755302400,2025-08-16,5470.0,0.0,5470.0
1755388800,2025-08-17,8301.0,0.0,8301.0
1755475200,2025-08-18,9593.0,0.0,9593.0
1755561600,2025-08-19,9100.0,0.0,9100.0
1755648000,2025-08-20,7073.0,0.0,7073.0
1755734400,2025-08-21,244266.0,0.0,244266.0
1755820800,2025-08-22,14560.0,0.0,14560.0
1755907200,2025-08-23,4971.0,0.0,4971.0
1755993600,2025-08-24,4166.0,0.0,4166.0
1756080000,2025-08-25,11783.0,0.0,11783.0
1756166400,2025-08-26,4320.0,0.0,4320.0
1756252800,2025-08-27,7233.0,0.0,7233.0
1756339200,2025-08-28,251491.0,0.0,251491.0
1756425600,2025-08-29,5206.0,0.0,5206.0
1756512000,2025-08-30,4047.0,0.0,4047.0
1756598400,2025-08-31,3155.0,0.0,3155.0
1756684800,2025-09-01,3754.0,0.0,3754.0
1756771200,2025-09-02,2971.0,0.0,2971.0
1756857600,2025-09-03,8092.0,0.0,8092.0
1756944000,2025-09-04,5124.0,0.0,5124.0
1757030400,2025-09-05,9659.0,0.0,9659.0
1757116800,2025-09-06,10786.0,0.0,10786.0
1757203200,2025-09-07,6564.0,0.0,6564.0
1757289600,2025-09-08,7600.0,0.0,7600.0
1757376000,2025-09-09,5916.0,0.0,5916.0
1757462400,2025-09-10,7020.0,0.0,7020.0
1757548800,2025-09-11,473929.0,0.0,473929.0
1757635200,2025-09-12,6633.0,0.0,6633.0
1757721600,2025-09-13,7252.0,0.0,7252.0
1757808000,2025-09-14,2986.0,0.0,2986.0
1757894400,2025-09-15,6699.0,0.0,6699.0
1757980800,2025-09-16,4934.0,0.0,4934.0
1758067200,2025-09-17,7339.0,0.0,7339.0
1758153600,2025-09-18,238734.0,0.0,238734.0
1758240000,2025-09-19,7279.0,0.0,7279.0
1758326400,2025-09-20,5984.0,0.0,5984.0
1758412800,2025-09-21,3555.0,0.0,3555.0
1758499200,2025-09-22,10607.0,0.0,10607.0
1758585600,2025-09-23,3360.0,0.0,3360.0
1758672000,2025-09-24,5061.0,0.0,5061.0
1758758400,2025-09-25,197243.0,0.0,197243.0
1758844800,2025-09-26,6476.0,0.0,6476.0
1758931200,2025-09-27,5972.0,0.0,5972.0
1759017600,2025-09-28,4790.0,0.0,4790.0
1759104000,2025-09-29,5179.0,0.0,5179.0
1759190400,2025-09-30,16739.0,0.0,16739.0
1759276800,2025-10-01,3916.0,0.0,3916.0
1759363200,2025-10-02,239401.0,0.0,239401.0
1759449600,2025-10-03,12867.0,0.0,12867.0
1759536000,2025-10-04,5099.0,0.0,5099.0
1759622400,2025-10-05,6198.0,0.0,6198.0
1759708800,2025-10-06,4495.0,0.0,4495.0
1759795200,2025-10-07,4712.0,0.0,4712.0
1759881600,2025-10-08,3028.0,0.0,3028.0
1759968000,2025-10-09,213239.0,0.0,213239.0
1760054400,2025-10-10,21985.0,0.0,21985.0
1760140800,2025-10-11,19665.0,0.0,19665.0
1760227200,2025-10-12,7574.0,0.0,7574.0
1760313600,2025-10-13,7195.0,0.0,7195.0
1760400000,2025-10-14,10753.0,0.0,10753.0
1760486400,2025-10-15,6032.0,0.0,6032.0
1760572800,2025-10-16,241120.0,0.0,241120.0
1760659200,2025-10-17,10208.0,0.0,10208.0
1760745600,2025-10-18,1708.0,0.0,1708.0
1760832000,2025-10-19,240.0,0.0,240.0
